"LOCATION","INDICATOR","SUBJECT","MEASURE","FREQUENCY","TIME","Value","Flag Codes"
"AUS","PPP","TOT","NATUSD","A","2009",1.442545,
"AUS","PPP","TOT","NATUSD","A","2010",1.503317,
"AUS","PPP","TOT","NATUSD","A","2011",1.511052,
"AUS","PPP","TOT","NATUSD","A","2012",1.540115,
"AUS","PPP","TOT","NATUSD","A","2013",1.447123,
"AUS","PPP","TOT","NATUSD","A","2014",1.452489,
"AUS","PPP","TOT","NATUSD","A","2015",1.473691,
"AUS","PPP","TOT","NATUSD","A","2016",1.450156,
"AUS","PPP","TOT","NATUSD","A","2017",1.477553,
"AUS","PPP","TOT","NATUSD","A","2018",1.470403,
"AUS","PPP","TOT","NATUSD","A","2019",1.482686,
"AUS","PPP","TOT","NATUSD","A","2020",1.446009,
"AUS","PPP","TOT","NATUSD","A","2021",1.464075,
"AUT","PPP","TOT","NATUSD","A","2009",0.843731,
"AUT","PPP","TOT","NATUSD","A","2010",0.84219,
"AUT","PPP","TOT","NATUSD","A","2011",0.831374,
"AUT","PPP","TOT","NATUSD","A","2012",0.813648,
"AUT","PPP","TOT","NATUSD","A","2013",0.797081,
"AUT","PPP","TOT","NATUSD","A","2014",0.798797,
"AUT","PPP","TOT","NATUSD","A","2015",0.798813,
"AUT","PPP","TOT","NATUSD","A","2016",0.776931,
"AUT","PPP","TOT","NATUSD","A","2017",0.775009,
"AUT","PPP","TOT","NATUSD","A","2018",0.765403,
"AUT","PPP","TOT","NATUSD","A","2019",0.770813,
"AUT","PPP","TOT","NATUSD","A","2020",0.763921,
"AUT","PPP","TOT","NATUSD","A","2021",0.758389,
"BEL","PPP","TOT","NATUSD","A","2009",0.85011,
"BEL","PPP","TOT","NATUSD","A","2010",0.836572,
"BEL","PPP","TOT","NATUSD","A","2011",0.831911,
"BEL","PPP","TOT","NATUSD","A","2012",0.822137,
"BEL","PPP","TOT","NATUSD","A","2013",0.806166,
"BEL","PPP","TOT","NATUSD","A","2014",0.800214,
"BEL","PPP","TOT","NATUSD","A","2015",0.799998,
"BEL","PPP","TOT","NATUSD","A","2016",0.781011,
"BEL","PPP","TOT","NATUSD","A","2017",0.775634,
"BEL","PPP","TOT","NATUSD","A","2018",0.766407,
"BEL","PPP","TOT","NATUSD","A","2019",0.766896,
"BEL","PPP","TOT","NATUSD","A","2020",0.745495,
"BEL","PPP","TOT","NATUSD","A","2021",0.730049,
"CAN","PPP","TOT","NATUSD","A","2009",1.202244,
"CAN","PPP","TOT","NATUSD","A","2010",1.22182,
"CAN","PPP","TOT","NATUSD","A","2011",1.239904,
"CAN","PPP","TOT","NATUSD","A","2012",1.244607,
"CAN","PPP","TOT","NATUSD","A","2013",1.224,
"CAN","PPP","TOT","NATUSD","A","2014",1.230358,
"CAN","PPP","TOT","NATUSD","A","2015",1.248042,
"CAN","PPP","TOT","NATUSD","A","2016",1.207045,
"CAN","PPP","TOT","NATUSD","A","2017",1.212304,
"CAN","PPP","TOT","NATUSD","A","2018",1.206524,
"CAN","PPP","TOT","NATUSD","A","2019",1.246847,
"CAN","PPP","TOT","NATUSD","A","2020",1.245722,
"CAN","PPP","TOT","NATUSD","A","2021",1.286727,
"CZE","PPP","TOT","NATUSD","A","2009",13.638435,
"CZE","PPP","TOT","NATUSD","A","2010",13.672004,
"CZE","PPP","TOT","NATUSD","A","2011",13.345305,
"CZE","PPP","TOT","NATUSD","A","2012",13.297699,
"CZE","PPP","TOT","NATUSD","A","2013",12.785271,
"CZE","PPP","TOT","NATUSD","A","2014",12.70321,
"CZE","PPP","TOT","NATUSD","A","2015",12.93798,
"CZE","PPP","TOT","NATUSD","A","2016",12.576343,
"CZE","PPP","TOT","NATUSD","A","2017",12.424986,
"CZE","PPP","TOT","NATUSD","A","2018",12.371528,
"CZE","PPP","TOT","NATUSD","A","2019",12.663206,
"CZE","PPP","TOT","NATUSD","A","2020",12.793019,
"CZE","PPP","TOT","NATUSD","A","2021",12.737903,
"DNK","PPP","TOT","NATUSD","A","2009",7.731134,
"DNK","PPP","TOT","NATUSD","A","2010",7.590837,
"DNK","PPP","TOT","NATUSD","A","2011",7.466492,
"DNK","PPP","TOT","NATUSD","A","2012",7.564136,
"DNK","PPP","TOT","NATUSD","A","2013",7.354846,
"DNK","PPP","TOT","NATUSD","A","2014",7.328674,
"DNK","PPP","TOT","NATUSD","A","2015",7.305357,
"DNK","PPP","TOT","NATUSD","A","2016",7.079856,
"DNK","PPP","TOT","NATUSD","A","2017",6.871679,
"DNK","PPP","TOT","NATUSD","A","2018",6.765997,
"DNK","PPP","TOT","NATUSD","A","2019",6.791558,
"DNK","PPP","TOT","NATUSD","A","2020",6.632676,
"DNK","PPP","TOT","NATUSD","A","2021",6.494501,
"FIN","PPP","TOT","NATUSD","A","2009",0.896502,
"FIN","PPP","TOT","NATUSD","A","2010",0.900476,
"FIN","PPP","TOT","NATUSD","A","2011",0.898068,
"FIN","PPP","TOT","NATUSD","A","2012",0.908495,
"FIN","PPP","TOT","NATUSD","A","2013",0.905357,
"FIN","PPP","TOT","NATUSD","A","2014",0.90721,
"FIN","PPP","TOT","NATUSD","A","2015",0.907748,
"FIN","PPP","TOT","NATUSD","A","2016",0.880895,
"FIN","PPP","TOT","NATUSD","A","2017",0.863657,
"FIN","PPP","TOT","NATUSD","A","2018",0.853746,
"FIN","PPP","TOT","NATUSD","A","2019",0.863225,
"FIN","PPP","TOT","NATUSD","A","2020",0.844975,
"FIN","PPP","TOT","NATUSD","A","2021",0.81846,
"FRA","PPP","TOT","NATUSD","A","2009",0.862966,
"FRA","PPP","TOT","NATUSD","A","2010",0.854632,
"FRA","PPP","TOT","NATUSD","A","2011",0.841361,
"FRA","PPP","TOT","NATUSD","A","2012",0.844301,
"FRA","PPP","TOT","NATUSD","A","2013",0.811643,
"FRA","PPP","TOT","NATUSD","A","2014",0.807565,
"FRA","PPP","TOT","NATUSD","A","2015",0.808694,
"FRA","PPP","TOT","NATUSD","A","2016",0.780044,
"FRA","PPP","TOT","NATUSD","A","2017",0.770109,
"FRA","PPP","TOT","NATUSD","A","2018",0.756166,
"FRA","PPP","TOT","NATUSD","A","2019",0.738663,
"FRA","PPP","TOT","NATUSD","A","2020",0.727312,
"FRA","PPP","TOT","NATUSD","A","2021",0.713551,
"DEU","PPP","TOT","NATUSD","A","2009",0.811106,
"DEU","PPP","TOT","NATUSD","A","2010",0.80504,
"DEU","PPP","TOT","NATUSD","A","2011",0.788739,
"DEU","PPP","TOT","NATUSD","A","2012",0.787246,
"DEU","PPP","TOT","NATUSD","A","2013",0.774784,
"DEU","PPP","TOT","NATUSD","A","2014",0.768937,
"DEU","PPP","TOT","NATUSD","A","2015",0.778122,
"DEU","PPP","TOT","NATUSD","A","2016",0.752608,
"DEU","PPP","TOT","NATUSD","A","2017",0.744783,
"DEU","PPP","TOT","NATUSD","A","2018",0.735448,
"DEU","PPP","TOT","NATUSD","A","2019",0.751098,
"DEU","PPP","TOT","NATUSD","A","2020",0.738351,
"DEU","PPP","TOT","NATUSD","A","2021",0.731457,
"GRC","PPP","TOT","NATUSD","A","2009",0.704432,
"GRC","PPP","TOT","NATUSD","A","2010",0.721977,
"GRC","PPP","TOT","NATUSD","A","2011",0.713163,
"GRC","PPP","TOT","NATUSD","A","2012",0.684663,
"GRC","PPP","TOT","NATUSD","A","2013",0.631286,
"GRC","PPP","TOT","NATUSD","A","2014",0.611135,
"GRC","PPP","TOT","NATUSD","A","2015",0.60907,
"GRC","PPP","TOT","NATUSD","A","2016",0.58858,
"GRC","PPP","TOT","NATUSD","A","2017",0.575041,
"GRC","PPP","TOT","NATUSD","A","2018",0.564857,
"GRC","PPP","TOT","NATUSD","A","2019",0.563038,
"GRC","PPP","TOT","NATUSD","A","2020",0.552809,
"GRC","PPP","TOT","NATUSD","A","2021",0.538481,
"HUN","PPP","TOT","NATUSD","A","2009",127.690292,
"HUN","PPP","TOT","NATUSD","A","2010",126.410628,
"HUN","PPP","TOT","NATUSD","A","2011",124.271836,
"HUN","PPP","TOT","NATUSD","A","2012",125.623608,
"HUN","PPP","TOT","NATUSD","A","2013",124.979432,
"HUN","PPP","TOT","NATUSD","A","2014",129.414974,
"HUN","PPP","TOT","NATUSD","A","2015",132.55351,
"HUN","PPP","TOT","NATUSD","A","2016",132.033797,
"HUN","PPP","TOT","NATUSD","A","2017",136.036522,
"HUN","PPP","TOT","NATUSD","A","2018",139.092451,
"HUN","PPP","TOT","NATUSD","A","2019",145.140842,
"HUN","PPP","TOT","NATUSD","A","2020",148.803704,
"HUN","PPP","TOT","NATUSD","A","2021",152.550219,
"ISL","PPP","TOT","NATUSD","A","2009",121.975931,
"ISL","PPP","TOT","NATUSD","A","2010",132.880921,
"ISL","PPP","TOT","NATUSD","A","2011",135.152004,
"ISL","PPP","TOT","NATUSD","A","2012",136.96767,
"ISL","PPP","TOT","NATUSD","A","2013",137.022617,
"ISL","PPP","TOT","NATUSD","A","2014",138.547869,
"ISL","PPP","TOT","NATUSD","A","2015",141.974926,
"ISL","PPP","TOT","NATUSD","A","2016",140.02995,
"ISL","PPP","TOT","NATUSD","A","2017",138.277175,
"ISL","PPP","TOT","NATUSD","A","2018",140.970278,
"ISL","PPP","TOT","NATUSD","A","2019",145.010743,
"ISL","PPP","TOT","NATUSD","A","2020",149.685438,
"ISL","PPP","TOT","NATUSD","A","2021",150.09256,
"IRL","PPP","TOT","NATUSD","A","2009",0.901284,
"IRL","PPP","TOT","NATUSD","A","2010",0.849503,
"IRL","PPP","TOT","NATUSD","A","2011",0.831513,
"IRL","PPP","TOT","NATUSD","A","2012",0.823072,
"IRL","PPP","TOT","NATUSD","A","2013",0.811228,
"IRL","PPP","TOT","NATUSD","A","2014",0.819041,
"IRL","PPP","TOT","NATUSD","A","2015",0.809686,
"IRL","PPP","TOT","NATUSD","A","2016",0.794289,
"IRL","PPP","TOT","NATUSD","A","2017",0.794405,
"IRL","PPP","TOT","NATUSD","A","2018",0.792214,
"IRL","PPP","TOT","NATUSD","A","2019",0.826898,
"IRL","PPP","TOT","NATUSD","A","2020",0.801156,
"IRL","PPP","TOT","NATUSD","A","2021",0.775472,
"ITA","PPP","TOT","NATUSD","A","2009",0.771323,
"ITA","PPP","TOT","NATUSD","A","2010",0.773129,
"ITA","PPP","TOT","NATUSD","A","2011",0.758687,
"ITA","PPP","TOT","NATUSD","A","2012",0.747731,
"ITA","PPP","TOT","NATUSD","A","2013",0.737299,
"ITA","PPP","TOT","NATUSD","A","2014",0.739644,
"ITA","PPP","TOT","NATUSD","A","2015",0.738694,
"ITA","PPP","TOT","NATUSD","A","2016",0.700544,
"ITA","PPP","TOT","NATUSD","A","2017",0.689895,
"ITA","PPP","TOT","NATUSD","A","2018",0.681219,
"ITA","PPP","TOT","NATUSD","A","2019",0.677835,
"ITA","PPP","TOT","NATUSD","A","2020",0.663805,
"ITA","PPP","TOT","NATUSD","A","2021",0.644381,
"JPN","PPP","TOT","NATUSD","A","2009",115.219075,
"JPN","PPP","TOT","NATUSD","A","2010",111.709563,
"JPN","PPP","TOT","NATUSD","A","2011",107.454281,
"JPN","PPP","TOT","NATUSD","A","2012",104.273972,
"JPN","PPP","TOT","NATUSD","A","2013",101.302673,
"JPN","PPP","TOT","NATUSD","A","2014",103.052076,
"JPN","PPP","TOT","NATUSD","A","2015",103.469437,
"JPN","PPP","TOT","NATUSD","A","2016",105.519502,
"JPN","PPP","TOT","NATUSD","A","2017",105.101901,
"JPN","PPP","TOT","NATUSD","A","2018",104.158636,
"JPN","PPP","TOT","NATUSD","A","2019",104.305752,
"JPN","PPP","TOT","NATUSD","A","2020",101.24037,
"JPN","PPP","TOT","NATUSD","A","2021",96.759441,
"KOR","PPP","TOT","NATUSD","A","2009",828.420848,
"KOR","PPP","TOT","NATUSD","A","2010",840.991702,
"KOR","PPP","TOT","NATUSD","A","2011",854.585723,
"KOR","PPP","TOT","NATUSD","A","2012",854.887268,
"KOR","PPP","TOT","NATUSD","A","2013",869.081422,
"KOR","PPP","TOT","NATUSD","A","2014",871.878106,
"KOR","PPP","TOT","NATUSD","A","2015",857.483387,
"KOR","PPP","TOT","NATUSD","A","2016",858.809687,
"KOR","PPP","TOT","NATUSD","A","2017",872.624771,
"KOR","PPP","TOT","NATUSD","A","2018",854.871397,
"KOR","PPP","TOT","NATUSD","A","2019",864.630567,
"KOR","PPP","TOT","NATUSD","A","2020",824.604924,
"KOR","PPP","TOT","NATUSD","A","2021",808.46233,
"LUX","PPP","TOT","NATUSD","A","2009",0.903005,
"LUX","PPP","TOT","NATUSD","A","2010",0.925638,
"LUX","PPP","TOT","NATUSD","A","2011",0.905099,
"LUX","PPP","TOT","NATUSD","A","2012",0.90679,
"LUX","PPP","TOT","NATUSD","A","2013",0.895254,
"LUX","PPP","TOT","NATUSD","A","2014",0.884138,
"LUX","PPP","TOT","NATUSD","A","2015",0.881261,
"LUX","PPP","TOT","NATUSD","A","2016",0.851894,
"LUX","PPP","TOT","NATUSD","A","2017",0.84831,
"LUX","PPP","TOT","NATUSD","A","2018",0.848866,
"LUX","PPP","TOT","NATUSD","A","2019",0.861888,
"LUX","PPP","TOT","NATUSD","A","2020",0.864437,
"LUX","PPP","TOT","NATUSD","A","2021",0.839453,
"MEX","PPP","TOT","NATUSD","A","2009",7.434067,
"MEX","PPP","TOT","NATUSD","A","2010",7.679662,
"MEX","PPP","TOT","NATUSD","A","2011",7.673013,
"MEX","PPP","TOT","NATUSD","A","2012",7.858708,
"MEX","PPP","TOT","NATUSD","A","2013",7.884359,
"MEX","PPP","TOT","NATUSD","A","2014",8.045318,
"MEX","PPP","TOT","NATUSD","A","2015",8.327595,
"MEX","PPP","TOT","NATUSD","A","2016",8.446043,
"MEX","PPP","TOT","NATUSD","A","2017",8.913552,
"MEX","PPP","TOT","NATUSD","A","2018",9.276363,
"MEX","PPP","TOT","NATUSD","A","2019",9.650165,
"MEX","PPP","TOT","NATUSD","A","2020",9.702813,
"MEX","PPP","TOT","NATUSD","A","2021",9.904408,
"NLD","PPP","TOT","NATUSD","A","2009",0.848344,
"NLD","PPP","TOT","NATUSD","A","2010",0.854046,
"NLD","PPP","TOT","NATUSD","A","2011",0.836065,
"NLD","PPP","TOT","NATUSD","A","2012",0.824408,
"NLD","PPP","TOT","NATUSD","A","2013",0.798166,
"NLD","PPP","TOT","NATUSD","A","2014",0.808798,
"NLD","PPP","TOT","NATUSD","A","2015",0.809978,
"NLD","PPP","TOT","NATUSD","A","2016",0.795448,
"NLD","PPP","TOT","NATUSD","A","2017",0.78215,
"NLD","PPP","TOT","NATUSD","A","2018",0.776747,
"NLD","PPP","TOT","NATUSD","A","2019",0.794447,
"NLD","PPP","TOT","NATUSD","A","2020",0.774008,
"NLD","PPP","TOT","NATUSD","A","2021",0.757906,
"NZL","PPP","TOT","NATUSD","A","2009",1.471921,
"NZL","PPP","TOT","NATUSD","A","2010",1.496928,
"NZL","PPP","TOT","NATUSD","A","2011",1.485915,
"NZL","PPP","TOT","NATUSD","A","2012",1.495622,
"NZL","PPP","TOT","NATUSD","A","2013",1.445979,
"NZL","PPP","TOT","NATUSD","A","2014",1.44073,
"NZL","PPP","TOT","NATUSD","A","2015",1.478014,
"NZL","PPP","TOT","NATUSD","A","2016",1.441008,
"NZL","PPP","TOT","NATUSD","A","2017",1.430959,
"NZL","PPP","TOT","NATUSD","A","2018",1.47006,
"NZL","PPP","TOT","NATUSD","A","2019",1.428259,
"NZL","PPP","TOT","NATUSD","A","2020",1.436351,
"NZL","PPP","TOT","NATUSD","A","2021",1.431543,
"NOR","PPP","TOT","NATUSD","A","2009",9.083913,
"NOR","PPP","TOT","NATUSD","A","2010",9.151227,
"NOR","PPP","TOT","NATUSD","A","2011",9.082736,
"NOR","PPP","TOT","NATUSD","A","2012",9.037085,
"NOR","PPP","TOT","NATUSD","A","2013",9.029349,
"NOR","PPP","TOT","NATUSD","A","2014",9.278458,
"NOR","PPP","TOT","NATUSD","A","2015",9.932516,
"NOR","PPP","TOT","NATUSD","A","2016",10.0419,
"NOR","PPP","TOT","NATUSD","A","2017",9.74983,
"NOR","PPP","TOT","NATUSD","A","2018",9.583999,
"NOR","PPP","TOT","NATUSD","A","2019",9.975182,
"NOR","PPP","TOT","NATUSD","A","2020",10.119987,
"NOR","PPP","TOT","NATUSD","A","2021",11.194525,
"POL","PPP","TOT","NATUSD","A","2009",1.869157,
"POL","PPP","TOT","NATUSD","A","2010",1.804815,
"POL","PPP","TOT","NATUSD","A","2011",1.801424,
"POL","PPP","TOT","NATUSD","A","2012",1.796168,
"POL","PPP","TOT","NATUSD","A","2013",1.762045,
"POL","PPP","TOT","NATUSD","A","2014",1.767142,
"POL","PPP","TOT","NATUSD","A","2015",1.765116,
"POL","PPP","TOT","NATUSD","A","2016",1.732843,
"POL","PPP","TOT","NATUSD","A","2017",1.742879,
"POL","PPP","TOT","NATUSD","A","2018",1.748426,
"POL","PPP","TOT","NATUSD","A","2019",1.787166,
"POL","PPP","TOT","NATUSD","A","2020",1.7905,
"POL","PPP","TOT","NATUSD","A","2021",1.806923,
"PRT","PPP","TOT","NATUSD","A","2009",0.627329,
"PRT","PPP","TOT","NATUSD","A","2010",0.623122,
"PRT","PPP","TOT","NATUSD","A","2011",0.623083,
"PRT","PPP","TOT","NATUSD","A","2012",0.605398,
"PRT","PPP","TOT","NATUSD","A","2013",0.583607,
"PRT","PPP","TOT","NATUSD","A","2014",0.578868,
"PRT","PPP","TOT","NATUSD","A","2015",0.584947,
"PRT","PPP","TOT","NATUSD","A","2016",0.571416,
"PRT","PPP","TOT","NATUSD","A","2017",0.575688,
"PRT","PPP","TOT","NATUSD","A","2018",0.571227,
"PRT","PPP","TOT","NATUSD","A","2019",0.576159,
"PRT","PPP","TOT","NATUSD","A","2020",0.568553,
"PRT","PPP","TOT","NATUSD","A","2021",0.564252,
"SVK","PPP","TOT","NATUSD","A","2009",0.515563,
"SVK","PPP","TOT","NATUSD","A","2010",0.502086,
"SVK","PPP","TOT","NATUSD","A","2011",0.506407,
"SVK","PPP","TOT","NATUSD","A","2012",0.504542,
"SVK","PPP","TOT","NATUSD","A","2013",0.491124,
"SVK","PPP","TOT","NATUSD","A","2014",0.485412,
"SVK","PPP","TOT","NATUSD","A","2015",0.491548,
"SVK","PPP","TOT","NATUSD","A","2016",0.503194,
"SVK","PPP","TOT","NATUSD","A","2017",0.516433,
"SVK","PPP","TOT","NATUSD","A","2018",0.526001,
"SVK","PPP","TOT","NATUSD","A","2019",0.53942,
"SVK","PPP","TOT","NATUSD","A","2020",0.537942,
"SVK","PPP","TOT","NATUSD","A","2021",0.533295,
"ESP","PPP","TOT","NATUSD","A","2009",0.718681,
"ESP","PPP","TOT","NATUSD","A","2010",0.726924,
"ESP","PPP","TOT","NATUSD","A","2011",0.714129,
"ESP","PPP","TOT","NATUSD","A","2012",0.694976,
"ESP","PPP","TOT","NATUSD","A","2013",0.6748,
"ESP","PPP","TOT","NATUSD","A","2014",0.662359,
"ESP","PPP","TOT","NATUSD","A","2015",0.66474,
"ESP","PPP","TOT","NATUSD","A","2016",0.642644,
"ESP","PPP","TOT","NATUSD","A","2017",0.630839,
"ESP","PPP","TOT","NATUSD","A","2018",0.631798,
"ESP","PPP","TOT","NATUSD","A","2019",0.633175,
"ESP","PPP","TOT","NATUSD","A","2020",0.627393,
"ESP","PPP","TOT","NATUSD","A","2021",0.614686,
"SWE","PPP","TOT","NATUSD","A","2009",8.920741,
"SWE","PPP","TOT","NATUSD","A","2010",9.024622,
"SWE","PPP","TOT","NATUSD","A","2011",8.844042,
"SWE","PPP","TOT","NATUSD","A","2012",8.654768,
"SWE","PPP","TOT","NATUSD","A","2013",8.597681,
"SWE","PPP","TOT","NATUSD","A","2014",8.727131,
"SWE","PPP","TOT","NATUSD","A","2015",8.854383,
"SWE","PPP","TOT","NATUSD","A","2016",8.822586,
"SWE","PPP","TOT","NATUSD","A","2017",8.852247,
"SWE","PPP","TOT","NATUSD","A","2018",8.865881,
"SWE","PPP","TOT","NATUSD","A","2019",8.99766,
"SWE","PPP","TOT","NATUSD","A","2020",8.747881,
"SWE","PPP","TOT","NATUSD","A","2021",8.554641,
"CHE","PPP","TOT","NATUSD","A","2009",1.470062,
"CHE","PPP","TOT","NATUSD","A","2010",1.466062,
"CHE","PPP","TOT","NATUSD","A","2011",1.397498,
"CHE","PPP","TOT","NATUSD","A","2012",1.354072,
"CHE","PPP","TOT","NATUSD","A","2013",1.312477,
"CHE","PPP","TOT","NATUSD","A","2014",1.281761,
"CHE","PPP","TOT","NATUSD","A","2015",1.235788,
"CHE","PPP","TOT","NATUSD","A","2016",1.201964,
"CHE","PPP","TOT","NATUSD","A","2017",1.187726,
"CHE","PPP","TOT","NATUSD","A","2018",1.178866,
"CHE","PPP","TOT","NATUSD","A","2019",1.177269,
"CHE","PPP","TOT","NATUSD","A","2020",1.139775,
"CHE","PPP","TOT","NATUSD","A","2021",1.109307,
"TUR","PPP","TOT","NATUSD","A","2009",0.904628,
"TUR","PPP","TOT","NATUSD","A","2010",0.920309,
"TUR","PPP","TOT","NATUSD","A","2011",0.966176,
"TUR","PPP","TOT","NATUSD","A","2012",1.019856,
"TUR","PPP","TOT","NATUSD","A","2013",1.070294,
"TUR","PPP","TOT","NATUSD","A","2014",1.104504,
"TUR","PPP","TOT","NATUSD","A","2015",1.162452,
"TUR","PPP","TOT","NATUSD","A","2016",1.241052,
"TUR","PPP","TOT","NATUSD","A","2017",1.38398,
"TUR","PPP","TOT","NATUSD","A","2018",1.63261,
"TUR","PPP","TOT","NATUSD","A","2019",1.926257,
"TUR","PPP","TOT","NATUSD","A","2020",2.197153,
"TUR","PPP","TOT","NATUSD","A","2021",2.606224,
"GBR","PPP","TOT","NATUSD","A","2009",0.710074,
"GBR","PPP","TOT","NATUSD","A","2010",0.702243,
"GBR","PPP","TOT","NATUSD","A","2011",0.706052,
"GBR","PPP","TOT","NATUSD","A","2012",0.701634,
"GBR","PPP","TOT","NATUSD","A","2013",0.695248,
"GBR","PPP","TOT","NATUSD","A","2014",0.698444,
"GBR","PPP","TOT","NATUSD","A","2015",0.692551,
"GBR","PPP","TOT","NATUSD","A","2016",0.688603,
"GBR","PPP","TOT","NATUSD","A","2017",0.684601,
"GBR","PPP","TOT","NATUSD","A","2018",0.687714,
"GBR","PPP","TOT","NATUSD","A","2019",0.688058,
"GBR","PPP","TOT","NATUSD","A","2020",0.688988,
"GBR","PPP","TOT","NATUSD","A","2021",0.667865,
"USA","PPP","TOT","NATUSD","A","2009",1,
"USA","PPP","TOT","NATUSD","A","2010",1,
"USA","PPP","TOT","NATUSD","A","2011",1,
"USA","PPP","TOT","NATUSD","A","2012",1,
"USA","PPP","TOT","NATUSD","A","2013",1,
"USA","PPP","TOT","NATUSD","A","2014",1,
"USA","PPP","TOT","NATUSD","A","2015",1,
"USA","PPP","TOT","NATUSD","A","2016",1,
"USA","PPP","TOT","NATUSD","A","2017",1,
"USA","PPP","TOT","NATUSD","A","2018",1,
"USA","PPP","TOT","NATUSD","A","2019",1,
"USA","PPP","TOT","NATUSD","A","2020",1,
"USA","PPP","TOT","NATUSD","A","2021",1,
"BRA","PPP","TOT","NATUSD","A","2009",1.29554,
"BRA","PPP","TOT","NATUSD","A","2010",1.388488,
"BRA","PPP","TOT","NATUSD","A","2011",1.473216,
"BRA","PPP","TOT","NATUSD","A","2012",1.605704,
"BRA","PPP","TOT","NATUSD","A","2013",1.701276,
"BRA","PPP","TOT","NATUSD","A","2014",1.813201,
"BRA","PPP","TOT","NATUSD","A","2015",1.988814,
"BRA","PPP","TOT","NATUSD","A","2016",2.133082,
"BRA","PPP","TOT","NATUSD","A","2017",2.181557,
"BRA","PPP","TOT","NATUSD","A","2018",2.226137,
"BRA","PPP","TOT","NATUSD","A","2019",2.280713,
"BRA","PPP","TOT","NATUSD","A","2020",2.362725,
"BRA","PPP","TOT","NATUSD","A","2021",2.53,
"CHL","PPP","TOT","NATUSD","A","2009",354.325885,
"CHL","PPP","TOT","NATUSD","A","2010",359.83702,
"CHL","PPP","TOT","NATUSD","A","2011",348.016847,
"CHL","PPP","TOT","NATUSD","A","2012",347.228507,
"CHL","PPP","TOT","NATUSD","A","2013",349.680536,
"CHL","PPP","TOT","NATUSD","A","2014",367.213907,
"CHL","PPP","TOT","NATUSD","A","2015",391.178861,
"CHL","PPP","TOT","NATUSD","A","2016",397.250703,
"CHL","PPP","TOT","NATUSD","A","2017",397.689401,
"CHL","PPP","TOT","NATUSD","A","2018",396.229413,
"CHL","PPP","TOT","NATUSD","A","2019",408.021643,
"CHL","PPP","TOT","NATUSD","A","2020",417.724619,
"CHL","PPP","TOT","NATUSD","A","2021",435.220063,
"CHN","PPP","TOT","NATUSD","A","2009",3.151181,
"CHN","PPP","TOT","NATUSD","A","2010",3.329232,
"CHN","PPP","TOT","NATUSD","A","2011",3.524468,
"CHN","PPP","TOT","NATUSD","A","2012",3.560968,
"CHN","PPP","TOT","NATUSD","A","2013",3.663645,
"CHN","PPP","TOT","NATUSD","A","2014",3.75885,
"CHN","PPP","TOT","NATUSD","A","2015",3.870697,
"CHN","PPP","TOT","NATUSD","A","2016",3.988837,
"CHN","PPP","TOT","NATUSD","A","2017",4.183811,
"CHN","PPP","TOT","NATUSD","A","2018",4.228704,
"CHN","PPP","TOT","NATUSD","A","2019",4.208027,
"CHN","PPP","TOT","NATUSD","A","2020",4.185469,
"CHN","PPP","TOT","NATUSD","A","2021",4.18,
"COL","PPP","TOT","NATUSD","A","2009",1103.534382,
"COL","PPP","TOT","NATUSD","A","2010",1132.327837,
"COL","PPP","TOT","NATUSD","A","2011",1179.998238,
"COL","PPP","TOT","NATUSD","A","2012",1215.696024,
"COL","PPP","TOT","NATUSD","A","2013",1218.821028,
"COL","PPP","TOT","NATUSD","A","2014",1232.8894,
"COL","PPP","TOT","NATUSD","A","2015",1289.323671,
"COL","PPP","TOT","NATUSD","A","2016",1298.142605,
"COL","PPP","TOT","NATUSD","A","2017",1328.016627,
"COL","PPP","TOT","NATUSD","A","2018",1322.160543,
"COL","PPP","TOT","NATUSD","A","2019",1343.601781,
"COL","PPP","TOT","NATUSD","A","2020",1320.0954,
"COL","PPP","TOT","NATUSD","A","2021",1362.009599,
"EST","PPP","TOT","NATUSD","A","2009",0.51712,
"EST","PPP","TOT","NATUSD","A","2010",0.512097,
"EST","PPP","TOT","NATUSD","A","2011",0.5116,
"EST","PPP","TOT","NATUSD","A","2012",0.521063,
"EST","PPP","TOT","NATUSD","A","2013",0.522424,
"EST","PPP","TOT","NATUSD","A","2014",0.52689,
"EST","PPP","TOT","NATUSD","A","2015",0.53758,
"EST","PPP","TOT","NATUSD","A","2016",0.527849,
"EST","PPP","TOT","NATUSD","A","2017",0.534908,
"EST","PPP","TOT","NATUSD","A","2018",0.538757,
"EST","PPP","TOT","NATUSD","A","2019",0.552181,
"EST","PPP","TOT","NATUSD","A","2020",0.53617,
"EST","PPP","TOT","NATUSD","A","2021",0.53744,
"IND","PPP","TOT","NATUSD","A","2009",13.362861,
"IND","PPP","TOT","NATUSD","A","2010",14.599321,
"IND","PPP","TOT","NATUSD","A","2011",15.549549,
"IND","PPP","TOT","NATUSD","A","2012",16.160835,
"IND","PPP","TOT","NATUSD","A","2013",17.342325,
"IND","PPP","TOT","NATUSD","A","2014",18.386549,
"IND","PPP","TOT","NATUSD","A","2015",19.235003,
"IND","PPP","TOT","NATUSD","A","2016",19.898727,
"IND","PPP","TOT","NATUSD","A","2017",20.647793,
"IND","PPP","TOT","NATUSD","A","2018",20.917234,
"IND","PPP","TOT","NATUSD","A","2019",21.283205,
"IND","PPP","TOT","NATUSD","A","2020",22.007773,
"IND","PPP","TOT","NATUSD","A","2021",23.3,
"IDN","PPP","TOT","NATUSD","A","2009",2928.815268,
"IDN","PPP","TOT","NATUSD","A","2010",3336.993892,
"IDN","PPP","TOT","NATUSD","A","2011",3512.753906,
"IDN","PPP","TOT","NATUSD","A","2012",3569.892578,
"IDN","PPP","TOT","NATUSD","A","2013",3765.671875,
"IDN","PPP","TOT","NATUSD","A","2014",4030.774658,
"IDN","PPP","TOT","NATUSD","A","2015",4353.327148,
"IDN","PPP","TOT","NATUSD","A","2016",4518.104004,
"IDN","PPP","TOT","NATUSD","A","2017",4695.658691,
"IDN","PPP","TOT","NATUSD","A","2018",4760.651784,
"IDN","PPP","TOT","NATUSD","A","2019",4751.935742,
"IDN","PPP","TOT","NATUSD","A","2020",4675.671603,
"IDN","PPP","TOT","NATUSD","A","2021",4738.64,
"ISR","PPP","TOT","NATUSD","A","2009",3.977921,
"ISR","PPP","TOT","NATUSD","A","2010",3.990484,
"ISR","PPP","TOT","NATUSD","A","2011",3.944763,
"ISR","PPP","TOT","NATUSD","A","2012",3.955358,
"ISR","PPP","TOT","NATUSD","A","2013",3.839566,
"ISR","PPP","TOT","NATUSD","A","2014",3.940387,
"ISR","PPP","TOT","NATUSD","A","2015",3.923925,
"ISR","PPP","TOT","NATUSD","A","2016",3.788511,
"ISR","PPP","TOT","NATUSD","A","2017",3.751633,
"ISR","PPP","TOT","NATUSD","A","2018",3.784664,
"ISR","PPP","TOT","NATUSD","A","2019",3.916241,
"ISR","PPP","TOT","NATUSD","A","2020",3.851099,
"ISR","PPP","TOT","NATUSD","A","2021",3.791227,
"RUS","PPP","TOT","NATUSD","A","2009",14.016913,
"RUS","PPP","TOT","NATUSD","A","2010",15.821142,
"RUS","PPP","TOT","NATUSD","A","2011",18.443729,
"RUS","PPP","TOT","NATUSD","A","2012",19.56826,
"RUS","PPP","TOT","NATUSD","A","2013",19.505592,
"RUS","PPP","TOT","NATUSD","A","2014",20.998875,
"RUS","PPP","TOT","NATUSD","A","2015",23.562632,
"RUS","PPP","TOT","NATUSD","A","2016",24.192337,
"RUS","PPP","TOT","NATUSD","A","2017",24.124181,
"RUS","PPP","TOT","NATUSD","A","2018",24.542904,
"RUS","PPP","TOT","NATUSD","A","2019",24.838261,
"RUS","PPP","TOT","NATUSD","A","2020",24.492859,
"RUS","PPP","TOT","NATUSD","A","2021",26.37,
"SVN","PPP","TOT","NATUSD","A","2009",0.645474,
"SVN","PPP","TOT","NATUSD","A","2010",0.6379,
"SVN","PPP","TOT","NATUSD","A","2011",0.62397,
"SVN","PPP","TOT","NATUSD","A","2012",0.606793,
"SVN","PPP","TOT","NATUSD","A","2013",0.590407,
"SVN","PPP","TOT","NATUSD","A","2014",0.591238,
"SVN","PPP","TOT","NATUSD","A","2015",0.595298,
"SVN","PPP","TOT","NATUSD","A","2016",0.577106,
"SVN","PPP","TOT","NATUSD","A","2017",0.570149,
"SVN","PPP","TOT","NATUSD","A","2018",0.567612,
"SVN","PPP","TOT","NATUSD","A","2019",0.569799,
"SVN","PPP","TOT","NATUSD","A","2020",0.561764,
"SVN","PPP","TOT","NATUSD","A","2021",0.558058,
"ZAF","PPP","TOT","NATUSD","A","2009",4.404397,
"ZAF","PPP","TOT","NATUSD","A","2010",4.620477,
"ZAF","PPP","TOT","NATUSD","A","2011",4.776628,
"ZAF","PPP","TOT","NATUSD","A","2012",5.107817,
"ZAF","PPP","TOT","NATUSD","A","2013",5.295738,
"ZAF","PPP","TOT","NATUSD","A","2014",5.571891,
"ZAF","PPP","TOT","NATUSD","A","2015",5.825256,
"ZAF","PPP","TOT","NATUSD","A","2016",6.159093,
"ZAF","PPP","TOT","NATUSD","A","2017",6.426701,
"ZAF","PPP","TOT","NATUSD","A","2018",6.524324,
"ZAF","PPP","TOT","NATUSD","A","2019",6.698308,
"ZAF","PPP","TOT","NATUSD","A","2020",6.970147,
"ZAF","PPP","TOT","NATUSD","A","2021",7.04,
"LVA","PPP","TOT","NATUSD","A","2009",0.52113,
"LVA","PPP","TOT","NATUSD","A","2010",0.487006,
"LVA","PPP","TOT","NATUSD","A","2011",0.498506,
"LVA","PPP","TOT","NATUSD","A","2012",0.506203,
"LVA","PPP","TOT","NATUSD","A","2013",0.499271,
"LVA","PPP","TOT","NATUSD","A","2014",0.497558,
"LVA","PPP","TOT","NATUSD","A","2015",0.497569,
"LVA","PPP","TOT","NATUSD","A","2016",0.484535,
"LVA","PPP","TOT","NATUSD","A","2017",0.484537,
"LVA","PPP","TOT","NATUSD","A","2018",0.489931,
"LVA","PPP","TOT","NATUSD","A","2019",0.502258,
"LVA","PPP","TOT","NATUSD","A","2020",0.493237,
"LVA","PPP","TOT","NATUSD","A","2021",0.498172,
"LTU","PPP","TOT","NATUSD","A","2009",0.469393,
"LTU","PPP","TOT","NATUSD","A","2010",0.450377,
"LTU","PPP","TOT","NATUSD","A","2011",0.451921,
"LTU","PPP","TOT","NATUSD","A","2012",0.452657,
"LTU","PPP","TOT","NATUSD","A","2013",0.443347,
"LTU","PPP","TOT","NATUSD","A","2014",0.44262,
"LTU","PPP","TOT","NATUSD","A","2015",0.445858,
"LTU","PPP","TOT","NATUSD","A","2016",0.43844,
"LTU","PPP","TOT","NATUSD","A","2017",0.44272,
"LTU","PPP","TOT","NATUSD","A","2018",0.44662,
"LTU","PPP","TOT","NATUSD","A","2019",0.453716,
"LTU","PPP","TOT","NATUSD","A","2020",0.455588,
"LTU","PPP","TOT","NATUSD","A","2021",0.455895,
"SAU","PPP","TOT","NATUSD","A","2009",1.210103,
"SAU","PPP","TOT","NATUSD","A","2010",1.401801,
"SAU","PPP","TOT","NATUSD","A","2011",1.586354,
"SAU","PPP","TOT","NATUSD","A","2012",1.650197,
"SAU","PPP","TOT","NATUSD","A","2013",1.666466,
"SAU","PPP","TOT","NATUSD","A","2014",1.646281,
"SAU","PPP","TOT","NATUSD","A","2015",1.591297,
"SAU","PPP","TOT","NATUSD","A","2016",1.63892,
"SAU","PPP","TOT","NATUSD","A","2017",1.649027,
"SAU","PPP","TOT","NATUSD","A","2018",1.795691,
"SAU","PPP","TOT","NATUSD","A","2019",1.772778,
"SAU","PPP","TOT","NATUSD","A","2020",1.613395,
"EA19","PPP","TOT","NATUSD","A","2009",0.795024,
"EA19","PPP","TOT","NATUSD","A","2010",0.792931,
"EA19","PPP","TOT","NATUSD","A","2011",0.78045,
"EA19","PPP","TOT","NATUSD","A","2012",0.77417,
"EA19","PPP","TOT","NATUSD","A","2013",0.755544,
"EA19","PPP","TOT","NATUSD","A","2014",0.752027,
"EA19","PPP","TOT","NATUSD","A","2015",0.755255,
"EA19","PPP","TOT","NATUSD","A","2016",0.729729,
"EA19","PPP","TOT","NATUSD","A","2017",0.721085,
"EA19","PPP","TOT","NATUSD","A","2018",0.713393,
"EA19","PPP","TOT","NATUSD","A","2019",0.716695,
"EA19","PPP","TOT","NATUSD","A","2020",0.705882,
"EA19","PPP","TOT","NATUSD","A","2021",0.69,
"ARG","PPP","TOT","NATUSD","A","2009",1.887154,
"ARG","PPP","TOT","NATUSD","A","2010",2.255571,
"ARG","PPP","TOT","NATUSD","A","2011",2.733128,
"ARG","PPP","TOT","NATUSD","A","2012",3.218154,
"ARG","PPP","TOT","NATUSD","A","2013",3.940967,
"ARG","PPP","TOT","NATUSD","A","2014",5.451964,
"ARG","PPP","TOT","NATUSD","A","2015",6.866548,
"ARG","PPP","TOT","NATUSD","A","2016",9.294966,
"ARG","PPP","TOT","NATUSD","A","2017",10.256822,
"ARG","PPP","TOT","NATUSD","A","2018",14.226563,
"ARG","PPP","TOT","NATUSD","A","2019",21.094376,
"ARG","PPP","TOT","NATUSD","A","2020",29.168631,
"CRI","PPP","TOT","NATUSD","A","2009",310.431036,
"CRI","PPP","TOT","NATUSD","A","2010",327.018289,
"CRI","PPP","TOT","NATUSD","A","2011",334.89666,
"CRI","PPP","TOT","NATUSD","A","2012",343.876659,
"CRI","PPP","TOT","NATUSD","A","2013",347.806785,
"CRI","PPP","TOT","NATUSD","A","2014",353.243788,
"CRI","PPP","TOT","NATUSD","A","2015",353.963974,
"CRI","PPP","TOT","NATUSD","A","2016",343.013617,
"CRI","PPP","TOT","NATUSD","A","2017",340.991882,
"CRI","PPP","TOT","NATUSD","A","2018",337.901936,
"CRI","PPP","TOT","NATUSD","A","2019",331.167742,
"CRI","PPP","TOT","NATUSD","A","2020",320.849715,
"CRI","PPP","TOT","NATUSD","A","2021",314.617096,
"BGR","PPP","TOT","NATUSD","A","2009",0.693197,
"BGR","PPP","TOT","NATUSD","A","2010",0.676937,
"BGR","PPP","TOT","NATUSD","A","2011",0.701071,
"BGR","PPP","TOT","NATUSD","A","2012",0.692818,
"BGR","PPP","TOT","NATUSD","A","2013",0.680005,
"BGR","PPP","TOT","NATUSD","A","2014",0.661229,
"BGR","PPP","TOT","NATUSD","A","2015",0.678702,
"BGR","PPP","TOT","NATUSD","A","2016",0.666662,
"BGR","PPP","TOT","NATUSD","A","2017",0.676279,
"BGR","PPP","TOT","NATUSD","A","2018",0.6801,
"BGR","PPP","TOT","NATUSD","A","2019",0.704525,
"BGR","PPP","TOT","NATUSD","A","2020",0.704232,
"HRV","PPP","TOT","NATUSD","A","2009",3.842562,
"HRV","PPP","TOT","NATUSD","A","2010",3.873511,
"HRV","PPP","TOT","NATUSD","A","2011",3.752616,
"HRV","PPP","TOT","NATUSD","A","2012",3.664153,
"HRV","PPP","TOT","NATUSD","A","2013",3.575104,
"HRV","PPP","TOT","NATUSD","A","2014",3.543476,
"HRV","PPP","TOT","NATUSD","A","2015",3.512389,
"HRV","PPP","TOT","NATUSD","A","2016",3.382,
"HRV","PPP","TOT","NATUSD","A","2017",3.324652,
"HRV","PPP","TOT","NATUSD","A","2018",3.311037,
"HRV","PPP","TOT","NATUSD","A","2019",3.319914,
"HRV","PPP","TOT","NATUSD","A","2020",3.247823,
"CYP","PPP","TOT","NATUSD","A","2009",0.68208,
"CYP","PPP","TOT","NATUSD","A","2010",0.700139,
"CYP","PPP","TOT","NATUSD","A","2011",0.698619,
"CYP","PPP","TOT","NATUSD","A","2012",0.706854,
"CYP","PPP","TOT","NATUSD","A","2013",0.687313,
"CYP","PPP","TOT","NATUSD","A","2014",0.67971,
"CYP","PPP","TOT","NATUSD","A","2015",0.663142,
"CYP","PPP","TOT","NATUSD","A","2016",0.622325,
"CYP","PPP","TOT","NATUSD","A","2017",0.615183,
"CYP","PPP","TOT","NATUSD","A","2018",0.612439,
"CYP","PPP","TOT","NATUSD","A","2019",0.616215,
"CYP","PPP","TOT","NATUSD","A","2020",0.612104,
"MLT","PPP","TOT","NATUSD","A","2009",0.569454,
"MLT","PPP","TOT","NATUSD","A","2010",0.572477,
"MLT","PPP","TOT","NATUSD","A","2011",0.574147,
"MLT","PPP","TOT","NATUSD","A","2012",0.57973,
"MLT","PPP","TOT","NATUSD","A","2013",0.577475,
"MLT","PPP","TOT","NATUSD","A","2014",0.586359,
"MLT","PPP","TOT","NATUSD","A","2015",0.599702,
"MLT","PPP","TOT","NATUSD","A","2016",0.583015,
"MLT","PPP","TOT","NATUSD","A","2017",0.586423,
"MLT","PPP","TOT","NATUSD","A","2018",0.586718,
"MLT","PPP","TOT","NATUSD","A","2019",0.587628,
"MLT","PPP","TOT","NATUSD","A","2020",0.586052,
"ROU","PPP","TOT","NATUSD","A","2009",1.567217,
"ROU","PPP","TOT","NATUSD","A","2010",1.537645,
"ROU","PPP","TOT","NATUSD","A","2011",1.550032,
"ROU","PPP","TOT","NATUSD","A","2012",1.563595,
"ROU","PPP","TOT","NATUSD","A","2013",1.606221,
"ROU","PPP","TOT","NATUSD","A","2014",1.628367,
"ROU","PPP","TOT","NATUSD","A","2015",1.662879,
"ROU","PPP","TOT","NATUSD","A","2016",1.596919,
"ROU","PPP","TOT","NATUSD","A","2017",1.613568,
"ROU","PPP","TOT","NATUSD","A","2018",1.66558,
"ROU","PPP","TOT","NATUSD","A","2019",1.715435,
"ROU","PPP","TOT","NATUSD","A","2020",1.70758,
"MKD","PPP","TOT","NATUSD","A","2009",18.364052,
"MKD","PPP","TOT","NATUSD","A","2010",18.730311,
"MKD","PPP","TOT","NATUSD","A","2011",19.289492,
"MKD","PPP","TOT","NATUSD","A","2012",19.003537,
"MKD","PPP","TOT","NATUSD","A","2013",19.105276,
"MKD","PPP","TOT","NATUSD","A","2014",18.995822,
"MKD","PPP","TOT","NATUSD","A","2015",19.440684,
"MKD","PPP","TOT","NATUSD","A","2016",18.958582,
"MKD","PPP","TOT","NATUSD","A","2017",18.970122,
"MKD","PPP","TOT","NATUSD","A","2018",18.951031,
"MKD","PPP","TOT","NATUSD","A","2019",19.009665,
"MKD","PPP","TOT","NATUSD","A","2020",18.929174,
"ZMB","PPP","TOT","NATUSD","A","2009",1.995482,
"ZMB","PPP","TOT","NATUSD","A","2010",2.247679,
"ZMB","PPP","TOT","NATUSD","A","2011",2.446346,
"ZMB","PPP","TOT","NATUSD","A","2012",2.651491,
"ZMB","PPP","TOT","NATUSD","A","2013",2.832861,
"ZMB","PPP","TOT","NATUSD","A","2014",3.064822,
"ZMB","PPP","TOT","NATUSD","A","2015",3.366482,
"ZMB","PPP","TOT","NATUSD","A","2016",3.878827,
"ZMB","PPP","TOT","NATUSD","A","2017",4.19258,
"ZMB","PPP","TOT","NATUSD","A","2018",4.397728,
"ZMB","PPP","TOT","NATUSD","A","2019",4.65041,
"ZMB","PPP","TOT","NATUSD","A","2020",5.228496,
"HKG","PPP","TOT","NATUSD","A","2009",5.187404,
"HKG","PPP","TOT","NATUSD","A","2010",5.141532,
"HKG","PPP","TOT","NATUSD","A","2011",5.232639,
"HKG","PPP","TOT","NATUSD","A","2012",5.454228,
"HKG","PPP","TOT","NATUSD","A","2013",5.547579,
"HKG","PPP","TOT","NATUSD","A","2014",5.70645,
"HKG","PPP","TOT","NATUSD","A","2015",5.831053,
"HKG","PPP","TOT","NATUSD","A","2016",5.932289,
"HKG","PPP","TOT","NATUSD","A","2017",6.011433,
"HKG","PPP","TOT","NATUSD","A","2018",6.0852,
"HKG","PPP","TOT","NATUSD","A","2019",6.100863,
"HKG","PPP","TOT","NATUSD","A","2020",6.068756,
"MDG","PPP","TOT","NATUSD","A","2009",589.84716,
"MDG","PPP","TOT","NATUSD","A","2010",642.632653,
"MDG","PPP","TOT","NATUSD","A","2011",694.862671,
"MDG","PPP","TOT","NATUSD","A","2012",742.898193,
"MDG","PPP","TOT","NATUSD","A","2013",777.658813,
"MDG","PPP","TOT","NATUSD","A","2014",823.956116,
"MDG","PPP","TOT","NATUSD","A","2015",886.091309,
"MDG","PPP","TOT","NATUSD","A","2016",941.010864,
"MDG","PPP","TOT","NATUSD","A","2017",1013.434631,
"MDG","PPP","TOT","NATUSD","A","2018",1071.795756,
"MDG","PPP","TOT","NATUSD","A","2019",1121.675636,
"MDG","PPP","TOT","NATUSD","A","2020",1156.977747,
"MAR","PPP","TOT","NATUSD","A","2009",3.782161,
"MAR","PPP","TOT","NATUSD","A","2010",3.775071,
"MAR","PPP","TOT","NATUSD","A","2011",3.672276,
"MAR","PPP","TOT","NATUSD","A","2012",3.749629,
"MAR","PPP","TOT","NATUSD","A","2013",3.79399,
"MAR","PPP","TOT","NATUSD","A","2014",4.033863,
"MAR","PPP","TOT","NATUSD","A","2015",3.996445,
"MAR","PPP","TOT","NATUSD","A","2016",3.994037,
"MAR","PPP","TOT","NATUSD","A","2017",4.02344,
"MAR","PPP","TOT","NATUSD","A","2018",3.971916,
"MAR","PPP","TOT","NATUSD","A","2019",3.955212,
"MAR","PPP","TOT","NATUSD","A","2020",3.943094,
"SGP","PPP","TOT","NATUSD","A","2009",0.855941,
"SGP","PPP","TOT","NATUSD","A","2010",0.855411,
"SGP","PPP","TOT","NATUSD","A","2011",0.846738,
"SGP","PPP","TOT","NATUSD","A","2012",0.845872,
"SGP","PPP","TOT","NATUSD","A","2013",0.858817,
"SGP","PPP","TOT","NATUSD","A","2014",0.863951,
"SGP","PPP","TOT","NATUSD","A","2015",0.8796,
"SGP","PPP","TOT","NATUSD","A","2016",0.878306,
"SGP","PPP","TOT","NATUSD","A","2017",0.88598,
"SGP","PPP","TOT","NATUSD","A","2018",0.89417,
"SGP","PPP","TOT","NATUSD","A","2019",0.873005,
"SGP","PPP","TOT","NATUSD","A","2020",0.837735,
"EU27_2020","PPP","TOT","NATUSD","A","2009",0.755023,
"EU27_2020","PPP","TOT","NATUSD","A","2010",0.756823,
"EU27_2020","PPP","TOT","NATUSD","A","2011",0.745416,
"EU27_2020","PPP","TOT","NATUSD","A","2012",0.738733,
"EU27_2020","PPP","TOT","NATUSD","A","2013",0.721414,
"EU27_2020","PPP","TOT","NATUSD","A","2014",0.716496,
"EU27_2020","PPP","TOT","NATUSD","A","2015",0.718859,
"EU27_2020","PPP","TOT","NATUSD","A","2016",0.694352,
"EU27_2020","PPP","TOT","NATUSD","A","2017",0.686689,
"EU27_2020","PPP","TOT","NATUSD","A","2018",0.678201,
"EU27_2020","PPP","TOT","NATUSD","A","2019",0.680299,
"EU27_2020","PPP","TOT","NATUSD","A","2020",0.668221,
"EU27_2020","PPP","TOT","NATUSD","A","2021",0.66,
"ALB","PPP","TOT","NATUSD","A","2009",44.337984,
"ALB","PPP","TOT","NATUSD","A","2010",44.196121,
"ALB","PPP","TOT","NATUSD","A","2011",43.857571,
"ALB","PPP","TOT","NATUSD","A","2012",43.655279,
"ALB","PPP","TOT","NATUSD","A","2013",44.113521,
"ALB","PPP","TOT","NATUSD","A","2014",42.893912,
"ALB","PPP","TOT","NATUSD","A","2015",42.705915,
"ALB","PPP","TOT","NATUSD","A","2016",42.385666,
"ALB","PPP","TOT","NATUSD","A","2017",42.255465,
"ALB","PPP","TOT","NATUSD","A","2018",42.302702,
"ALB","PPP","TOT","NATUSD","A","2019",42.343174,
"ALB","PPP","TOT","NATUSD","A","2020",42.498076,
"SRB","PPP","TOT","NATUSD","A","2009",33.262548,
"SRB","PPP","TOT","NATUSD","A","2010",34.833387,
"SRB","PPP","TOT","NATUSD","A","2011",36.323581,
"SRB","PPP","TOT","NATUSD","A","2012",37.982549,
"SRB","PPP","TOT","NATUSD","A","2013",39.322683,
"SRB","PPP","TOT","NATUSD","A","2014",39.801943,
"SRB","PPP","TOT","NATUSD","A","2015",40.737463,
"SRB","PPP","TOT","NATUSD","A","2016",40.454952,
"SRB","PPP","TOT","NATUSD","A","2017",40.820835,
"SRB","PPP","TOT","NATUSD","A","2018",41.004083,
"SRB","PPP","TOT","NATUSD","A","2019",41.475113,
"SRB","PPP","TOT","NATUSD","A","2020",41.768579,
"GEO","PPP","TOT","NATUSD","A","2009",0.674959,
"GEO","PPP","TOT","NATUSD","A","2010",0.761853,
"GEO","PPP","TOT","NATUSD","A","2011",0.811295,
"GEO","PPP","TOT","NATUSD","A","2012",0.743101,
"GEO","PPP","TOT","NATUSD","A","2013",0.724774,
"GEO","PPP","TOT","NATUSD","A","2014",0.722902,
"GEO","PPP","TOT","NATUSD","A","2015",0.753517,
"GEO","PPP","TOT","NATUSD","A","2016",0.747673,
"GEO","PPP","TOT","NATUSD","A","2017",0.804572,
"GEO","PPP","TOT","NATUSD","A","2018",0.819973,
"GEO","PPP","TOT","NATUSD","A","2019",0.847421,
"GEO","PPP","TOT","NATUSD","A","2020",0.898298,
